ts,portfolio_value,selected_pairs,action_summary
1772647836177,50000.000000,,
1772647907629,50000.000000,,
1772647967659,50000.000000,,
1772648027639,50000.000000,,
1772648087651,50000.000000,,
1772648147657,50000.000000,,
1772648207659,50000.000000,,
1772648267669,50000.000000,,
1772648327683,50000.000000,,
1772648387693,50000.000000,,
1772648447700,50000.000000,,
1772648508073,50000.000000,,
1772648567707,50000.000000,,
1772648627720,50000.000000,,
1772648687726,50000.000000,,
1772648747733,50000.000000,,
1772648807751,50000.000000,,
1772648867760,50000.000000,,
1772648927767,50000.000000,,
1772648987776,50000.000000,,
1772685335121,50000.000000,,
1772685395139,50000.000000,,
1772685455162,50000.000000,,
1772685515154,50000.000000,,
1772685575176,50000.000000,,
1772685635185,50000.000000,,
1772685695183,50000.000000,,
1772685755217,50000.000000,,
1772685815204,50000.000000,,
1772685875239,50000.000000,,
1772685935467,50000.000000,,
1772685995247,50000.000000,,
1772686055248,50000.000000,,
1772686115270,50000.000000,,
1772686175263,50000.000000,,
1772686235295,50000.000000,,
1772686295279,50000.000000,,
1772686355290,50000.000000,,
1772686415290,50000.000000,,
1772686475308,50000.000000,,
1772686535378,50000.000000,,
1772686595343,50000.000000,,
1772686655354,50000.000000,,
1772686715364,50000.000000,,
1772686775397,50000.000000,,
1772686835415,50000.000000,,
1772686895409,50000.000000,,
1772686955420,50000.000000,,
1772687015434,50000.000000,,
1772687075450,50000.000000,,
1772687135513,50000.000000,,
1772687195481,50000.000000,,
1772687255481,50000.000000,,
1772687315491,50000.000000,,
1772687375496,50000.000000,,
1772687435533,50000.000000,,
1772687495517,50000.000000,,
1772687566169,50000.000000,,
1772687615533,50000.000000,,
1772687675547,50000.000000,,
1772687735664,50000.000000,,
1772687795600,50000.000000,,
1772687855585,50000.000000,,
1772687915606,50000.000000,,
1772687975612,50000.000000,,
1772688035613,50000.000000,,
1772688095613,50000.000000,,
1772688155628,50000.000000,,
1772688215635,50000.000000,,
1772688275850,50000.000000,,
1772688335841,50000.000000,,
1772688395776,50000.000000,,
1772688455751,50000.000000,,
1772688515756,50000.000000,,
1772688575853,50000.000000,,
1772688635794,50000.000000,,
1772688695789,50000.000000,,
1772688756865,50000.000000,,
1772688815947,50000.000000,,
1772688875955,50000.000000,,
1772688936198,50000.000000,PLUME/USD,
1772688995980,50000.000000,,
1772689055988,50000.000000,,
1772689116082,50000.000000,,
1772689176019,50000.000000,,
1772689236023,50000.000000,,
1772689296036,50000.000000,,
1772689356053,50000.000000,,
1772689416055,50000.000000,,
1772689476096,50000.000000,,
1772689536231,50000.000000,,
1772689596084,50000.000000,,
1772689656142,50000.000000,XPL/USD,
1772689716167,50000.000000,XPL/USD|FORM/USD,
1772689776146,50000.000000,XPL/USD,
1772689836148,50000.000000,XPL/USD,
1772689896153,50000.000000,XPL/USD|ZEC/USD|FORM/USD,
1772689956152,50000.000000,XPL/USD|ZEC/USD|FORM/USD|AVNT/USD,
1772690016475,50000.000000,ZEC/USD|FORM/USD|SOMI/USD|AVNT/USD|XPL/USD,
1772690076153,50000.000000,CAKE/USD|SOL/USD|SOMI/USD|AVNT/USD|XPL/USD,
1772690136309,50000.000000,CAKE/USD|TON/USD|SOMI/USD|PUMP/USD|XPL/USD,
1772690196132,50000.000000,CAKE/USD|TON/USD|SOMI/USD|XPL/USD|CFX/USD,
1772691032253,50000.000000,TON/USD|FORM/USD,
1772691093164,50000.000000,TON/USD|FORM/USD,
1772691152157,50000.000000,TON/USD|FORM/USD,
1772691212188,50000.000000,SOMI/USD|TON/USD|FORM/USD|PLUME/USD,
1772691272177,50000.000000,SOMI/USD|TON/USD|FORM/USD|PLUME/USD,
1772691332192,50000.000000,ICP/USD|TON/USD|FORM/USD|PLUME/USD,
1772691392207,50000.000000,TON/USD|FORM/USD|PLUME/USD,
1772691452222,50000.000000,SOMI/USD|TON/USD|FORM/USD,
1772691512234,50000.000000,SOMI/USD|TON/USD|FORM/USD,
1772691572298,50000.000000,TRX/USD|TON/USD|SOMI/USD|FORM/USD|PLUME/USD,
1772691632553,50000.000000,TON/USD|FORM/USD|PLUME/USD|TAO/USD|AVNT/USD,
1772691692263,50000.000000,TON/USD|FORM/USD|PLUME/USD|TAO/USD|ICP/USD,
1772691752273,50000.000000,ZEN/USD|TON/USD|FORM/USD|PLUME/USD|ICP/USD,
1772691812300,50000.000000,ZEN/USD|TON/USD|FORM/USD|UNI/USD|ICP/USD,
1772691872288,50000.000000,ZEN/USD|BONK/USD|TON/USD|FORM/USD|ICP/USD,
1772691932303,50000.000000,ZEN/USD|TON/USD|FORM/USD|TAO/USD|ICP/USD,
1772691992316,50000.000000,ZEN/USD|TON/USD|FORM/USD|TAO/USD|ICP/USD,
1772692052333,50000.000000,ZEN/USD|TON/USD|FORM/USD|UNI/USD|AVNT/USD,
1772692112308,50000.000000,ZEN/USD|TON/USD|FORM/USD|UNI/USD|CFX/USD,
1772692172216,50000.000000,ZEN/USD|TRX/USD|TON/USD|FORM/USD|UNI/USD,
1772692232277,50000.000000,ZEN/USD|TON/USD|SHIB/USD|FORM/USD|AVNT/USD,
1772692292248,50000.000000,ZEN/USD|TON/USD|SHIB/USD|FORM/USD|UNI/USD,
1772692352263,50000.000000,ZEN/USD|TON/USD|SHIB/USD|UNI/USD|ICP/USD,
1772692412274,50000.000000,NEAR/USD|ZEN/USD|TON/USD|UNI/USD|ICP/USD,
1772692472279,50000.000000,NEAR/USD|ZEN/USD|TRX/USD|TON/USD|ICP/USD,
1772692532283,50000.000000,NEAR/USD|ZEN/USD|MIRA/USD|TON/USD|ICP/USD,
1772692592300,50000.000000,NEAR/USD|ZEN/USD|MIRA/USD|TON/USD|ICP/USD,
1772692652296,50000.000000,NEAR/USD|ZEN/USD|MIRA/USD|TRX/USD|TON/USD,
1772692712319,50000.000000,NEAR/USD|TON/USD|FORM/USD|PLUME/USD|UNI/USD,
1772692772330,50000.000000,NEAR/USD|ZEN/USD|ENA/USD|TON/USD|UNI/USD,
1772692832469,50000.000000,NEAR/USD|ENA/USD|SOL/USD|UNI/USD|SUI/USD,
1772692892365,50000.000000,NEAR/USD|ENA/USD|XRP/USD|UNI/USD|SUI/USD,
1772692952349,50000.000000,NEAR/USD|ADA/USD|ENA/USD|XRP/USD|UNI/USD,
1772693012361,50000.000000,ZEN/USD|ENA/USD|WLD/USD|FLOKI/USD|XRP/USD,
1772693073025,50000.000000,ZEN/USD|ENA/USD|XRP/USD|AVNT/USD|XLM/USD,
1772693132398,50000.000000,ENA/USD|SOMI/USD|XRP/USD|UNI/USD|ICP/USD,
1772693192428,50000.000000,PAXG/USD|ENA/USD|PUMP/USD|XRP/USD|ICP/USD,
1772693252396,50000.000000,ZEN/USD|ENA/USD|SOMI/USD|ICP/USD|SUI/USD,
1772693312398,50000.000000,ZEN/USD|ENA/USD|PUMP/USD|ICP/USD|CFX/USD,
1772693372409,50000.000000,NEAR/USD|ZEN/USD|ENA/USD|PUMP/USD|ICP/USD,
1772693432473,50000.000000,NEAR/USD|ZEN/USD|ENA/USD|ICP/USD|CFX/USD,
1772693492429,50000.000000,NEAR/USD|ZEN/USD|ENA/USD|ICP/USD|CFX/USD,
1772693552487,50000.000000,NEAR/USD|ZEN/USD|ENA/USD|CRV/USD|XPL/USD,
1772693612467,50000.000000,NEAR/USD|ZEN/USD|ENA/USD|XPL/USD|CFX/USD,
1772693672465,50000.000000,NEAR/USD|ASTER/USD|ZEN/USD|ENA/USD|AVNT/USD,
1772693733001,50000.000000,NEAR/USD|ASTER/USD|ZEN/USD|ENA/USD|CRV/USD,
1772693792488,50000.000000,NEAR/USD|ASTER/USD|ZEN/USD|ENA/USD|CRV/USD,
1772693852500,50000.000000,ASTER/USD|ZEN/USD|ENA/USD|CRV/USD|PUMP/USD,
1772693912544,50000.000000,NEAR/USD|ZEN/USD|ENA/USD|CRV/USD|PUMP/USD,
1772693972567,50000.000000,ZEN/USD|ENA/USD|CRV/USD|PUMP/USD|XPL/USD,
1772694032922,50000.000000,ZEN/USD|ENA/USD|PUMP/USD|TAO/USD|XPL/USD,
1772694092544,50000.000000,ASTER/USD|ENA/USD|PUMP/USD|TAO/USD|XPL/USD,
1772694152553,50000.000000,ASTER/USD|ENA/USD|PUMP/USD|TAO/USD|XPL/USD,
1772694212564,50000.000000,ZEN/USD|ENA/USD|PUMP/USD|AVNT/USD|XPL/USD,
1772694272571,50000.000000,ASTER/USD|ENA/USD|SOMI/USD|PUMP/USD|XPL/USD,
1772694332586,50000.000000,ASTER/USD|ENA/USD|SOMI/USD|AVNT/USD|XPL/USD,
1772694392580,50000.000000,ASTER/USD|ENA/USD|PUMP/USD|AVNT/USD|XPL/USD,
1772694452588,50000.000000,ASTER/USD|ENA/USD|PUMP/USD|AVNT/USD|XPL/USD,
1772694512601,50000.000000,ASTER/USD|ENA/USD|SOMI/USD|PLUME/USD|XPL/USD,
1772694572612,50000.000000,ASTER/USD|ENA/USD|TON/USD|PLUME/USD|XPL/USD,
1772694632806,50000.000000,APT/USD|ASTER/USD|TON/USD|PLUME/USD|XPL/USD,
1772694692649,50000.000000,APT/USD|ASTER/USD|PLUME/USD|XRP/USD|XPL/USD,
1772694752645,50000.000000,APT/USD|ASTER/USD|ENA/USD|TON/USD|XRP/USD,
1772694812653,50000.000000,APT/USD|ASTER/USD|ENA/USD|TON/USD|XRP/USD,
1772694872750,50000.000000,TRUMP/USD|ASTER/USD|TON/USD|XRP/USD|XPL/USD,
1772694932687,50000.000000,TRUMP/USD|APT/USD|ASTER/USD|TON/USD|XRP/USD,
1772694992688,50000.000000,TRUMP/USD|APT/USD|ASTER/USD|TON/USD|XRP/USD,
1772695052674,50000.000000,TRUMP/USD|APT/USD|ASTER/USD|MIRA/USD|TON/USD,
1772695112752,50000.000000,ASTER/USD|MIRA/USD|TON/USD|FORM/USD|PLUME/USD,
1772695172702,50000.000000,ASTER/USD|TON/USD|PLUME/USD|XRP/USD|AVNT/USD,
1772695232761,50000.000000,ASTER/USD|MIRA/USD|TON/USD|PLUME/USD|AVNT/USD,
1772695292732,50000.000000,ASTER/USD|MIRA/USD|TON/USD|PLUME/USD|AVNT/USD,
1772695352749,50000.000000,TRUMP/USD|MIRA/USD|TON/USD|FORM/USD|PLUME/USD,
1772695412753,50000.000000,TRUMP/USD|MIRA/USD|FORM/USD|XRP/USD|XLM/USD,
1772695472757,50000.000000,TRUMP/USD|SOL/USD|PUMP/USD|XRP/USD|XLM/USD,
1772695532784,50000.000000,MIRA/USD|SOL/USD|XRP/USD|XLM/USD|XPL/USD,
1772695592795,50000.000000,TRUMP/USD|APT/USD|MIRA/USD|SOL/USD|XPL/USD,
1772695652779,50000.000000,HEMI/USD|APT/USD|FORM/USD|SOL/USD|XPL/USD,
1772695712798,50000.000000,APT/USD|MIRA/USD|SOL/USD|FORM/USD|PLUME/USD,
1772695772793,50000.000000,TRUMP/USD|NEAR/USD|SOL/USD|FORM/USD|PLUME/USD,
1772695832937,50000.000000,APT/USD|MIRA/USD|FORM/USD|PLUME/USD|POL/USD,
1772695892824,50000.000000,TRUMP/USD|APT/USD|SOMI/USD|PLUME/USD|AVNT/USD,
1772695952865,50000.000000,APT/USD|FORM/USD|VIRTUAL/USD|PLUME/USD|AVNT/USD,
1772696012853,50000.000000,SOMI/USD|FORM/USD|PLUME/USD,
1772696072854,50000.000000,TRUMP/USD|FORM/USD|VIRTUAL/USD|PLUME/USD|FIL/USD,
1772696132889,50000.000000,FORM/USD|VIRTUAL/USD|PLUME/USD|XRP/USD|FIL/USD,
1772696192888,50000.000000,SOMI/USD|FORM/USD|VIRTUAL/USD|PLUME/USD|FIL/USD,
1772696252888,50000.000000,PAXG/USD|FORM/USD|SOMI/USD|PLUME/USD|FIL/USD,
1772696312903,50000.000000,FIL/USD|FORM/USD|SOMI/USD,
1772696372896,50000.000000,MIRA/USD|FORM/USD|SOMI/USD|PLUME/USD|FIL/USD,
1772696433320,50000.000000,MIRA/USD|FORM/USD|SOMI/USD|PLUME/USD|FIL/USD,
1772696492939,50000.000000,MIRA/USD|FORM/USD|SOMI/USD|PLUME/USD|FIL/USD,
1772696552965,50000.000000,MIRA/USD|FORM/USD|SOMI/USD|PLUME/USD|FIL/USD,
1772696613029,50000.000000,PAXG/USD|FORM/USD|SOMI/USD|PLUME/USD|FIL/USD,
1772696672959,50000.000000,PAXG/USD|SOMI/USD|FORM/USD|PLUME/USD|FIL/USD,
1772696732952,50000.000000,PAXG/USD|SOMI/USD|FORM/USD|PLUME/USD|FIL/USD,
1772696792978,50000.000000,PAXG/USD|FORM/USD|SOMI/USD|PLUME/USD|FIL/USD,
1772696853073,50000.000000,PAXG/USD|FORM/USD|SOMI/USD|PLUME/USD|FIL/USD,
1772696913023,50000.000000,PAXG/USD|MIRA/USD|SOMI/USD|PLUME/USD|FIL/USD,
1772696973283,50000.000000,PAXG/USD|FORM/USD|SOMI/USD|PLUME/USD|FIL/USD,
1772697033101,50000.000000,FIL/USD|PAXG/USD|FORM/USD|PLUME/USD,
1772697093040,50000.000000,FIL/USD|PAXG/USD|FORM/USD,
1772697153028,50000.000000,FIL/USD|PAXG/USD|FORM/USD,
1772697213031,50000.000000,PAXG/USD,
1772697273158,50000.000000,TON/USD|PLUME/USD,
1772697333073,50000.000000,FIL/USD|TON/USD|PLUME/USD,
1772697393059,50000.000000,FIL/USD|TON/USD,
1772697453085,50000.000000,FIL/USD|TON/USD|PLUME/USD,
1772697513088,50000.000000,FIL/USD|TON/USD,
1772697573128,50000.000000,FIL/USD|TON/USD|NEAR/USD|PLUME/USD,
1772697633202,50000.000000,FIL/USD|TON/USD|NEAR/USD|PLUME/USD,
1772697693144,50000.000000,FIL/USD|NEAR/USD|PLUME/USD,
1772697753149,50000.000000,FIL/USD|TON/USD|NEAR/USD|PLUME/USD,
1772697813171,50000.000000,FIL/USD|TON/USD|NEAR/USD|PLUME/USD,
1772700725911,50000.000000,NEAR/USD|HEMI/USD|TON/USD|FORM/USD|FIL/USD,
1772700785690,50000.000000,NEAR/USD|HEMI/USD|HBAR/USD|TON/USD|FIL/USD,
1772700845749,50000.000000,NEAR/USD|HEMI/USD|HBAR/USD|TON/USD|FIL/USD,
1772700905725,50000.000000,NEAR/USD|HBAR/USD|TON/USD|FORM/USD|FIL/USD,
1772700965716,50000.000000,NEAR/USD|LTC/USD|HBAR/USD|TON/USD|FIL/USD,
1772701025739,50000.000000,NEAR/USD|HEMI/USD|LTC/USD|TON/USD|FIL/USD,
1772701085737,50000.000000,NEAR/USD|HEMI/USD|HBAR/USD|TON/USD|FIL/USD,
1772701146791,50000.000000,NEAR/USD|HEMI/USD|LTC/USD|TON/USD|FIL/USD,
1772701213587,50000.000000,NEAR/USD|LTC/USD|TON/USD|FIL/USD|XPL/USD,
1772701265916,50000.000000,NEAR/USD|HEMI/USD|LTC/USD|TON/USD|FIL/USD,
1772701326094,50000.000000,NEAR/USD|HEMI/USD|LTC/USD|TON/USD|FIL/USD,
1772701385930,50000.000000,NEAR/USD|LTC/USD|HBAR/USD|TON/USD|FIL/USD,
1772701445935,50000.000000,NEAR/USD|LTC/USD|TON/USD|DOT/USD|FIL/USD,
1772701505942,50000.000000,NEAR/USD|HEMI/USD|TON/USD|DOT/USD|FIL/USD,
1772701566032,50000.000000,NEAR/USD|HEMI/USD|APT/USD|TON/USD|DOT/USD,
1772701625971,50000.000000,NEAR/USD|APT/USD|LTC/USD|AAVE/USD|DOT/USD,
1772701685984,50000.000000,NEAR/USD|AVAX/USD|APT/USD|HEMI/USD|DOT/USD,
1772701746084,50000.000000,ARB/USD|AVAX/USD|LTC/USD|AAVE/USD|DOT/USD,
1772701806009,50000.000000,S/USD|ARB/USD|HEMI/USD|LTC/USD|AAVE/USD,
1772701866024,50000.000000,ARB/USD|HEMI/USD|ZEN/USD|LTC/USD|FET/USD,
1772701926384,50000.000000,ZEC/USD|ARB/USD|ZEN/USD|LTC/USD|SUI/USD,
1772701986038,50000.000000,ZEC/USD|ARB/USD|HEMI/USD|LTC/USD|UNI/USD,
1772702046050,50000.000000,ZEC/USD|ARB/USD|HEMI/USD|ZEN/USD|UNI/USD,
1772702106072,50000.000000,ZEC/USD|ARB/USD|ZEN/USD|LTC/USD|UNI/USD,
1772702166115,50000.000000,ZEC/USD|ARB/USD|ZEN/USD|LTC/USD|UNI/USD,
1772702226076,50000.000000,ZEC/USD|ARB/USD|ZEN/USD|AAVE/USD|UNI/USD,
1772702286081,50000.000000,ARB/USD|ZEN/USD|LTC/USD|AAVE/USD|UNI/USD,
1772702346118,50000.000000,ZEC/USD|ARB/USD|ZEN/USD|LTC/USD|AAVE/USD,
1772702406101,50000.000000,ZEC/USD|ARB/USD|ZEN/USD|LTC/USD|AAVE/USD,
1772702466113,50000.000000,ARB/USD|ZEN/USD|LTC/USD|AAVE/USD|ICP/USD,
1772702526454,50000.000000,ZEC/USD|ZEN/USD|MIRA/USD|PUMP/USD|ICP/USD,
1772702586311,50000.000000,ZEC/USD|ARB/USD|ZEN/USD|PUMP/USD|ICP/USD,
1772702646145,50000.000000,ZEC/USD|ZEN/USD|PUMP/USD|ICP/USD|CFX/USD,
1772702706157,50000.000000,ZEN/USD|MIRA/USD|PUMP/USD|ICP/USD|SUI/USD,
1772702766162,50000.000000,ZEC/USD|ZEN/USD|PUMP/USD|ICP/USD|CFX/USD,
1772702826173,50000.000000,ZEN/USD|MIRA/USD|PUMP/USD|ICP/USD|CFX/USD,
1772702886205,50000.000000,MIRA/USD|SOMI/USD|PUMP/USD|ICP/USD|CFX/USD,
1772702946196,50000.000000,MIRA/USD|SOMI/USD|PUMP/USD|ICP/USD|CFX/USD,
1772703006217,50000.000000,SOMI/USD|PUMP/USD|ICP/USD|CFX/USD|SUI/USD,
1772703066217,50000.000000,SOMI/USD|PUMP/USD|ICP/USD|CFX/USD|SEI/USD,
1772703126381,50000.000000,MIRA/USD|SOMI/USD|PUMP/USD|ICP/USD|CFX/USD,
1772703186236,50000.000000,MIRA/USD|SOMI/USD|PUMP/USD|ICP/USD|SEI/USD,
1772703246246,50000.000000,ASTER/USD|SOMI/USD|PUMP/USD|ICP/USD|CFX/USD,
1772703306254,50000.000000,MIRA/USD|SOMI/USD|PUMP/USD|ICP/USD|CFX/USD,
1772703366300,50000.000000,MIRA/USD|SOMI/USD|PUMP/USD|PLUME/USD|ICP/USD,
1772703426342,50000.000000,BNB/USD|ASTER/USD|MIRA/USD|PUMP/USD|ICP/USD,
1772703486327,50000.000000,S/USD|PUMP/USD|PLUME/USD|ICP/USD|XPL/USD,
1772703546316,50000.000000,SOMI/USD|PUMP/USD|PLUME/USD|ICP/USD|XPL/USD,
1772703606330,50000.000000,MIRA/USD|SOMI/USD|PUMP/USD|PLUME/USD|ICP/USD,
1772703666340,50000.000000,MIRA/USD|SOMI/USD|PUMP/USD|PLUME/USD|ICP/USD,
1772703726587,50000.000000,MIRA/USD|SOMI/USD|PUMP/USD|PLUME/USD|ICP/USD,
1772703786358,50000.000000,MIRA/USD|SOMI/USD|PUMP/USD|PLUME/USD|ICP/USD,
1772703846370,50000.000000,SOMI/USD|PUMP/USD|PLUME/USD|ICP/USD|SEI/USD,
1772703906383,50000.000000,MIRA/USD|SOMI/USD|PUMP/USD|PLUME/USD|ICP/USD,
1772703966389,50000.000000,S/USD|SOMI/USD|PUMP/USD|PLUME/USD|ICP/USD,
1772704026402,50000.000000,S/USD|SOMI/USD|PUMP/USD|PLUME/USD|ICP/USD,
1772704086417,50000.000000,S/USD|MIRA/USD|SOMI/USD|PUMP/USD|ICP/USD,
1772704146428,50000.000000,S/USD|BNB/USD|PUMP/USD|ICP/USD|SEI/USD,
1772704206449,50000.000000,S/USD|PUMP/USD|ICP/USD|DOGE/USD|SEI/USD,
1772704266455,50000.000000,S/USD|PUMP/USD|PLUME/USD|ICP/USD|SEI/USD,
1772704326763,50000.000000,S/USD|TRX/USD|PUMP/USD|PLUME/USD|ICP/USD,
1772704386482,50000.000000,S/USD|BNB/USD|TRX/USD|PUMP/USD|ICP/USD,
1772704446536,50000.000000,S/USD|BNB/USD|TRX/USD|PUMP/USD|XRP/USD,
1772704506498,50000.000000,S/USD|BNB/USD|TRX/USD|PUMP/USD|PLUME/USD,
1772704566511,50000.000000,S/USD|BNB/USD|TRX/USD|PUMP/USD|PLUME/USD,
1772704626509,50000.000000,S/USD|BNB/USD|TRX/USD|PUMP/USD|DOGE/USD,
1772704686513,50000.000000,S/USD|BNB/USD|PUMP/USD|ICP/USD|ONDO/USD,
1772704746519,50000.000000,S/USD|BNB/USD|TRX/USD|PUMP/USD|ONDO/USD,
1772704806528,50000.000000,S/USD|TRX/USD|PUMP/USD|PLUME/USD|ONDO/USD,
1772704866527,50000.000000,S/USD|PUMP/USD|PLUME/USD|ONDO/USD|XPL/USD,
1772704926712,50000.000000,S/USD|WLD/USD|PUMP/USD|PLUME/USD|XPL/USD,
1772704986547,50000.000000,S/USD|WLD/USD|FORM/USD|PUMP/USD|XPL/USD,
1772705046552,50000.000000,S/USD|WLD/USD|FORM/USD|PUMP/USD|XPL/USD,
1772705106665,50000.000000,S/USD|WLD/USD|FORM/USD|PUMP/USD|XPL/USD,
1772705166577,50000.000000,S/USD|FORM/USD|PUMP/USD|PLUME/USD|XPL/USD,
1772705226586,50000.000000,S/USD|FORM/USD|PUMP/USD|PLUME/USD|XPL/USD,
1772705286599,50000.000000,ZEN/USD|FORM/USD|PUMP/USD|PLUME/USD|XPL/USD,
1772705346607,50000.000000,S/USD|ZEN/USD|FORM/USD|PUMP/USD|XPL/USD,
1772705406619,50000.000000,S/USD|ZEN/USD|FORM/USD|PUMP/USD|XPL/USD,
1772705466624,50000.000000,S/USD|ZEN/USD|FORM/USD|PUMP/USD|XPL/USD,
1772705526874,50000.000000,BNB/USD|ZEN/USD|FORM/USD|PUMP/USD|XPL/USD,
1772705586631,50000.000000,ZEN/USD|FORM/USD|PUMP/USD|BTC/USD|XPL/USD,
1772705646724,50000.000000,BNB/USD|ZEN/USD|FORM/USD|PUMP/USD|XPL/USD,
1772705706668,50000.000000,BNB/USD|ZEN/USD|FORM/USD|PUMP/USD|XPL/USD,
1772705766680,50000.000000,BNB/USD|ZEN/USD|FORM/USD|PUMP/USD|XPL/USD,
1772705826699,50000.000000,BNB/USD|ZEN/USD|FORM/USD|PUMP/USD|XPL/USD,
1772705886696,50000.000000,BNB/USD|FORM/USD|PUMP/USD|BTC/USD|XPL/USD,
1772705950383,50000.000000,,0.000000,0,not rebalance minute,
1772706010403,50000.000000,,0.000000,0,no base_ok pairs (filters/history),
1772706070402,50000.000000,,0.000000,0,not rebalance minute,
1772706130406,50000.000000,,0.000000,0,not rebalance minute,
1772706190476,50000.000000,,0.000000,0,not rebalance minute,
1772706250417,50000.000000,,0.000000,0,not rebalance minute,
1772706310422,50000.000000,,0.000000,0,no base_ok pairs (filters/history),
1772706370436,50000.000000,,0.000000,0,not rebalance minute,
1772706430444,50000.000000,,0.000000,0,not rebalance minute,
1772706490460,50000.000000,,0.000000,0,not rebalance minute,
1772706550625,50000.000000,,0.000000,0,not rebalance minute,
1772706610470,50000.000000,,0.000000,0,no base_ok pairs (filters/history),
1772706670475,50000.000000,,0.000000,0,not rebalance minute,
1772706730413,50000.000000,,0.000000,0,not rebalance minute,
1772706790361,50000.000000,,0.000000,0,not rebalance minute,
1772706850386,50000.000000,,0.000000,0,not rebalance minute,
1772706910372,50000.000000,,0.000000,0,no base_ok pairs (filters/history),
1772706970417,50000.000000,,0.000000,0,not rebalance minute,
1772707030385,50000.000000,,0.000000,0,not rebalance minute,
1772707090403,50000.000000,,0.000000,0,not rebalance minute,
1772707150470,50000.000000,,0.000000,0,not rebalance minute,
1772707210426,50000.000000,,0.000000,0,no base_ok pairs (filters/history),
1772707270418,50000.000000,,0.000000,0,not rebalance minute,
1772707331486,50000.000000,,0.000000,0,not rebalance minute,
1772707390566,50000.000000,,0.000000,0,not rebalance minute,
1772707450577,50000.000000,,0.000000,0,not rebalance minute,
1772707510604,50000.000000,,0.000000,0,no base_ok pairs (filters/history),
1772707570596,50000.000000,,0.000000,0,not rebalance minute,
1772707630611,50000.000000,,0.000000,0,not rebalance minute,
1772707690640,50000.000000,,0.000000,0,not rebalance minute,
1772707750949,50000.000000,,0.000000,0,not rebalance minute,
1772707810643,50000.000000,,0.000000,0,no base_ok pairs (filters/history),
1772707870652,50000.000000,,0.000000,0,not rebalance minute,
1772707930686,50000.000000,,0.000000,0,not rebalance minute,
1772707990679,50000.000000,,0.000000,0,not rebalance minute,
1772708050690,50000.000000,,0.000000,0,not rebalance minute,
1772708110693,50000.000000,,0.000000,0,no base_ok pairs (filters/history),
1772708170693,50000.000000,,0.000000,0,not rebalance minute,
1772708230722,50000.000000,,0.000000,0,not rebalance minute,
1772708290718,50000.000000,,0.000000,0,not rebalance minute,
1772708350871,50000.000000,,0.000000,0,not rebalance minute,
1772708410737,50000.000000,,0.000000,0,no base_ok pairs (filters/history),
1772708470772,50000.000000,,0.000000,0,not rebalance minute,
1772708530758,50000.000000,,0.000000,0,not rebalance minute,
1772708590764,50000.000000,,0.000000,0,not rebalance minute,
1772708650778,50000.000000,,0.000000,0,not rebalance minute,
1772708710781,50000.000000,,0.000000,0,no base_ok pairs (filters/history),
1772708770793,50000.000000,,0.000000,0,not rebalance minute,
1772708830802,50000.000000,,0.000000,0,not rebalance minute,
1772708890805,50000.000000,,0.000000,0,not rebalance minute,
1772708950976,50000.000000,,0.000000,0,not rebalance minute,
1772709011272,50000.000000,,0.000000,0,no base_ok pairs (filters/history),
1772709070848,50000.000000,,0.000000,0,not rebalance minute,
1772709130853,50000.000000,,0.000000,0,not rebalance minute,
1772709190866,50000.000000,,0.000000,0,not rebalance minute,
1772709250867,50000.000000,,0.000000,0,not rebalance minute,
1772709310911,50000.000000,,0.000000,0,no base_ok pairs (filters/history),
1772709370897,50000.000000,,0.000000,0,not rebalance minute,
1772709430912,50000.000000,,0.000000,0,not rebalance minute,
1772709490945,50000.000000,,0.000000,0,not rebalance minute,
1772709551291,50000.000000,,0.000000,0,not rebalance minute,
1772709610946,50000.000000,ASTER/USD|PENGU/USD|WLFI/USD|HBAR/USD|FLOKI/USD,0.682540,43,ok,
1772709670963,50000.000000,ASTER/USD|PENGU/USD|WLFI/USD|HBAR/USD|FLOKI/USD,0.000000,0,not rebalance minute,
1772709730985,50000.000000,ASTER/USD|PENGU/USD|WLFI/USD|HBAR/USD|FLOKI/USD,0.000000,0,not rebalance minute,
1772709790983,50000.000000,ASTER/USD|PENGU/USD|WLFI/USD|HBAR/USD|FLOKI/USD,0.000000,0,not rebalance minute,
1772709841347,50000.000000,,0.000000,0,not rebalance minute,
1772709901332,50000.000000,,0.000000,0,no base_ok pairs (filters/history),
1772709961249,50000.000000,,0.000000,0,not rebalance minute,
1772710021243,50000.000000,,0.000000,0,not rebalance minute,
1772710081261,50000.000000,,0.000000,0,not rebalance minute,
1772710141267,50000.000000,,0.000000,0,not rebalance minute,
1772710201284,50000.000000,,0.000000,0,no base_ok pairs (filters/history),
1772710261285,50000.000000,,0.000000,0,not rebalance minute,
1772710321283,50000.000000,,0.000000,0,not rebalance minute,
1772710381314,50000.000000,,0.000000,0,not rebalance minute,
1772710441529,50000.000000,,0.000000,0,not rebalance minute,
1772713282897,50000.000000,,0.000000,0,not rebalance minute,
1772713342720,50000.000000,,0.000000,0,not rebalance minute,
1772713402736,50000.000000,,0.000000,0,not rebalance minute,
1772713462736,50000.000000,,0.000000,0,not rebalance minute,
1772713522768,50000.000000,,0.000000,0,no base_ok pairs (filters/history),
1772713582770,50000.000000,,0.000000,0,not rebalance minute,
1772713642794,50000.000000,,0.000000,0,not rebalance minute,
1772713702804,50000.000000,,0.000000,0,not rebalance minute,
1772713762823,50000.000000,,0.000000,0,not rebalance minute,
1772713822819,50000.000000,,0.000000,0,no base_ok pairs (filters/history),
1772713882873,50000.000000,,0.000000,0,not rebalance minute,
1772713942833,50000.000000,,0.000000,0,not rebalance minute,
1772714002838,50000.000000,,0.000000,0,not rebalance minute,
1772714062846,50000.000000,,0.000000,0,not rebalance minute,
1772714122865,50000.000000,,0.000000,0,no base_ok pairs (filters/history),
1772714182871,50000.000000,,0.000000,0,not rebalance minute,
1772714242890,50000.000000,,0.000000,0,not rebalance minute,
1772714302892,50000.000000,,0.000000,0,not rebalance minute,
1772714362923,50000.000000,,0.000000,0,not rebalance minute,
1772714422918,50000.000000,,0.000000,0,no base_ok pairs (filters/history),
1772714483054,50000.000000,,0.000000,0,not rebalance minute,
1772714542945,50000.000000,,0.000000,0,not rebalance minute,
1772714602946,50000.000000,,0.000000,0,not rebalance minute,
1772714662961,50000.000000,,0.000000,0,not rebalance minute,
1772714722959,50000.000000,,0.000000,0,no base_ok pairs (filters/history),
1772714782972,50000.000000,,0.000000,0,not rebalance minute,
1772714842988,50000.000000,,0.000000,0,not rebalance minute,
1772714903008,50000.000000,,0.000000,0,not rebalance minute,
1772714963002,50000.000000,,0.000000,0,not rebalance minute,
1772715023015,50000.000000,,0.000000,0,no base_ok pairs (filters/history),
1772715083141,50000.000000,,0.000000,0,not rebalance minute,
1772715143032,50000.000000,,0.000000,0,not rebalance minute,
1772715203045,50000.000000,,0.000000,0,not rebalance minute,
1772715263083,50000.000000,,0.000000,0,not rebalance minute,
1772715323052,50000.000000,,0.000000,0,no base_ok pairs (filters/history),
1772715383064,50000.000000,,0.000000,0,not rebalance minute,
1772715443075,50000.000000,,0.000000,0,not rebalance minute,
1772715503086,50000.000000,,0.000000,0,not rebalance minute,
1772715563090,50000.000000,,0.000000,0,not rebalance minute,
1772715623121,50000.000000,,0.000000,0,no base_ok pairs (filters/history),
1772715683163,50000.000000,,0.000000,0,not rebalance minute,
1772715743136,50000.000000,,0.000000,0,not rebalance minute,
1772715803144,50000.000000,,0.000000,0,not rebalance minute,
1772715863161,50000.000000,,0.000000,0,not rebalance minute,
1772715923202,50000.000000,,0.000000,0,no base_ok pairs (filters/history),
1772715983162,50000.000000,,0.000000,0,not rebalance minute,
1772716043216,50000.000000,,0.000000,0,not rebalance minute,
1772716103516,50000.000000,,0.000000,0,not rebalance minute,
1772716163193,50000.000000,,0.000000,0,not rebalance minute,
1772716223278,50000.000000,,0.074074,0,breadth 0.074 < 0.55,
1772716283264,50000.000000,,0.000000,0,not rebalance minute,
1772716343221,50000.000000,,0.000000,0,not rebalance minute,
1772716403260,50000.000000,,0.000000,0,not rebalance minute,
1772716463245,50000.000000,,0.000000,0,not rebalance minute,
1772716523286,50000.000000,,0.074074,0,breadth 0.074 < 0.55,
1772716583255,50000.000000,,0.000000,0,not rebalance minute,
1772716643277,50000.000000,,0.000000,0,not rebalance minute,
1772716703360,50000.000000,,0.000000,0,not rebalance minute,
1772716763305,50000.000000,,0.000000,0,not rebalance minute,
1772716823349,50000.000000,,0.185185,0,breadth 0.185 < 0.55,
1772716883437,50000.000000,,0.000000,0,not rebalance minute,
1772716943347,50000.000000,,0.000000,0,not rebalance minute,
1772717003347,50000.000000,,0.000000,0,not rebalance minute,
1772717063373,50000.000000,,0.000000,0,not rebalance minute,
1772717123364,50000.000000,,0.074074,0,breadth 0.074 < 0.55,
1772717183371,50000.000000,,0.000000,0,not rebalance minute,
1772717243398,50000.000000,,0.000000,0,not rebalance minute,
1772717303397,50000.000000,,0.000000,0,not rebalance minute,
1772717363413,50000.000000,,0.000000,0,not rebalance minute,
1772717423421,50000.000000,,0.074074,0,breadth 0.074 < 0.55,
1772717483530,50000.000000,,0.000000,0,not rebalance minute,
1772717543422,50000.000000,,0.000000,0,not rebalance minute,
1772717603450,50000.000000,,0.000000,0,not rebalance minute,
1772717663442,50000.000000,,0.000000,0,not rebalance minute,
1772717723464,50000.000000,,0.074074,0,breadth 0.074 < 0.55,
1772717783460,50000.000000,,0.000000,0,not rebalance minute,
1772717843463,50000.000000,,0.000000,0,not rebalance minute,
1772717903477,50000.000000,,0.000000,0,not rebalance minute,
1772717963478,50000.000000,,0.000000,0,not rebalance minute,
1772718023510,50000.000000,,0.037037,0,breadth 0.037 < 0.55,
1772718083619,50000.000000,,0.000000,0,not rebalance minute,
1772718143511,50000.000000,,0.000000,0,not rebalance minute,
1772718203510,50000.000000,,0.000000,0,not rebalance minute,
1772718263522,50000.000000,,0.000000,0,not rebalance minute,
1772718323565,50000.000000,,0.074074,0,breadth 0.074 < 0.55,
1772718383549,50000.000000,,0.000000,0,not rebalance minute,
1772718443553,50000.000000,,0.000000,0,not rebalance minute,
1772718503557,50000.000000,,0.000000,0,not rebalance minute,
1772718563576,50000.000000,,0.000000,0,not rebalance minute,
1772718623574,50000.000000,,0.000000,0,breadth 0.000 < 0.55,
1772718683687,50000.000000,,0.000000,0,not rebalance minute,
1772718743598,50000.000000,,0.000000,0,not rebalance minute,
1772718803616,50000.000000,,0.000000,0,not rebalance minute,
1772718863617,50000.000000,,0.000000,0,not rebalance minute,
1772718923606,50000.000000,,0.000000,0,breadth 0.000 < 0.55,
1772718983613,50000.000000,,0.000000,0,not rebalance minute,
1772719043614,50000.000000,,0.000000,0,not rebalance minute,
1772719103628,50000.000000,,0.000000,0,not rebalance minute,
1772719163632,50000.000000,,0.000000,0,not rebalance minute,
1772719223635,50000.000000,,0.000000,0,breadth 0.000 < 0.55,
1772719283761,50000.000000,,0.000000,0,not rebalance minute,
1772719343650,50000.000000,,0.000000,0,not rebalance minute,
1772719403651,50000.000000,,0.000000,0,not rebalance minute,
1772719463666,50000.000000,,0.000000,0,not rebalance minute,
1772719523692,50000.000000,,0.037037,0,breadth 0.037 < 0.55,
1772719583706,50000.000000,,0.000000,0,not rebalance minute,
1772719643712,50000.000000,,0.000000,0,not rebalance minute,
1772719703714,50000.000000,,0.000000,0,not rebalance minute,
1772719763731,50000.000000,,0.000000,0,not rebalance minute,
1772719823750,50000.000000,,0.074074,0,breadth 0.074 < 0.55,
1772719883792,50000.000000,,0.000000,0,not rebalance minute,
1772719943765,50000.000000,,0.000000,0,not rebalance minute,
1772720003763,50000.000000,,0.000000,0,not rebalance minute,
1772720063789,50000.000000,,0.000000,0,not rebalance minute,
1772720123780,50000.000000,,0.074074,0,breadth 0.074 < 0.55,
1772720183794,50000.000000,,0.000000,0,not rebalance minute,
1772720243799,50000.000000,,0.000000,0,not rebalance minute,
1772720303817,50000.000000,,0.000000,0,not rebalance minute,
1772720363827,50000.000000,,0.000000,0,not rebalance minute,
1772720423838,50000.000000,,0.037037,0,breadth 0.037 < 0.55,
1772720483956,50000.000000,,0.000000,0,not rebalance minute,
1772720543895,50000.000000,,0.000000,0,not rebalance minute,
1772720603853,50000.000000,,0.000000,0,not rebalance minute,
1772720663872,50000.000000,,0.000000,0,not rebalance minute,
1772720723881,50000.000000,,0.148148,0,breadth 0.148 < 0.55,
1772720783885,50000.000000,,0.000000,0,not rebalance minute,
1772720843887,50000.000000,,0.000000,0,not rebalance minute,
1772720903893,50000.000000,,0.000000,0,not rebalance minute,
1772720963928,50000.000000,,0.000000,0,not rebalance minute,
1772721023931,50000.000000,,0.222222,0,breadth 0.222 < 0.55,
1772721084050,50000.000000,,0.000000,0,not rebalance minute,
1772721143944,50000.000000,,0.000000,0,not rebalance minute,
1772721203959,50000.000000,,0.000000,0,not rebalance minute,
1772721263975,50000.000000,,0.000000,0,not rebalance minute,
1772721323985,50000.000000,LTC/USD|UNI/USD|AAVE/USD|VIRTUAL/USD|AVAX/USD,0.851852,23,ok,
1772721383990,50000.000000,LTC/USD|UNI/USD|AAVE/USD|VIRTUAL/USD|AVAX/USD,0.000000,0,not rebalance minute,
1772721443997,50000.000000,LTC/USD|UNI/USD|AAVE/USD|VIRTUAL/USD|AVAX/USD,0.000000,0,not rebalance minute,
1772721504022,50000.000000,LTC/USD|UNI/USD|AAVE/USD|VIRTUAL/USD|AVAX/USD,0.000000,0,not rebalance minute,
1772721563956,50000.000000,LTC/USD|UNI/USD|AAVE/USD|VIRTUAL/USD|AVAX/USD,0.000000,0,not rebalance minute,
1772721624031,50000.000000,,0.407407,0,breadth 0.407 < 0.55,
1772721684177,50000.000000,,0.000000,0,not rebalance minute,
1772721744060,50000.000000,,0.000000,0,not rebalance minute,
1772721804078,50000.000000,,0.000000,0,not rebalance minute,
1772721864129,50000.000000,,0.000000,0,not rebalance minute,
1772721924103,50000.000000,,0.222222,0,breadth 0.222 < 0.55,
1772721984129,50000.000000,,0.000000,0,not rebalance minute,
1772722044137,50000.000000,,0.000000,0,not rebalance minute,
1772722104137,50000.000000,,0.000000,0,not rebalance minute,
1772722164165,50000.000000,,0.000000,0,not rebalance minute,
1772722224169,50000.000000,,0.111111,0,breadth 0.111 < 0.55,
1772722284301,50000.000000,,0.000000,0,not rebalance minute,
1772722344185,50000.000000,,0.000000,0,not rebalance minute,
1772722404192,50000.000000,,0.000000,0,not rebalance minute,
1772722464210,50000.000000,,0.000000,0,not rebalance minute,
1772722524225,50000.000000,,0.407407,0,breadth 0.407 < 0.55,
1772722584231,50000.000000,,0.000000,0,not rebalance minute,
1772722644247,50000.000000,,0.000000,0,not rebalance minute,
1772722704258,50000.000000,,0.000000,0,not rebalance minute,
1772722764273,50000.000000,,0.000000,0,not rebalance minute,
1772722824278,50000.000000,WLD/USD|ENA/USD|XPL/USD|LTC/USD|UNI/USD,0.555556,15,ok,
1772722884342,50000.000000,WLD/USD|ENA/USD|XPL/USD|LTC/USD|UNI/USD,0.000000,0,not rebalance minute,
1772722944289,50000.000000,WLD/USD|ENA/USD|XPL/USD|LTC/USD|UNI/USD,0.000000,0,not rebalance minute,
1772723004300,50000.000000,WLD/USD|ENA/USD|XPL/USD|LTC/USD|UNI/USD,0.000000,0,not rebalance minute,
1772723064311,50000.000000,WLD/USD|ENA/USD|XPL/USD|LTC/USD|UNI/USD,0.000000,0,not rebalance minute,
1772723124320,50000.000000,,0.037037,0,breadth 0.037 < 0.55,
1772723184342,50000.000000,,0.000000,0,not rebalance minute,
1772723244349,50000.000000,,0.000000,0,not rebalance minute,
1772723304362,50000.000000,,0.000000,0,not rebalance minute,
1772723364377,50000.000000,,0.000000,0,not rebalance minute,
1772723424377,50000.000000,,0.000000,0,breadth 0.000 < 0.55,
1772723484487,50000.000000,,0.000000,0,not rebalance minute,
1772723544397,50000.000000,,0.000000,0,not rebalance minute,
1772723604401,50000.000000,,0.000000,0,not rebalance minute,
1772723664395,50000.000000,,0.000000,0,not rebalance minute,
1772723724426,50000.000000,,0.037037,0,breadth 0.037 < 0.55,
1772723784425,50000.000000,,0.000000,0,not rebalance minute,
1772723844441,50000.000000,,0.000000,0,not rebalance minute,
1772723904444,50000.000000,,0.000000,0,not rebalance minute,
1772723964464,50000.000000,,0.000000,0,not rebalance minute,
1772724024466,50000.000000,,0.000000,0,breadth 0.000 < 0.55,
1772724084630,50000.000000,,0.000000,0,not rebalance minute,
1772724144476,50000.000000,,0.000000,0,not rebalance minute,
1772724204499,50000.000000,,0.000000,0,not rebalance minute,
1772724264504,50000.000000,,0.000000,0,not rebalance minute,
1772724324528,50000.000000,,0.000000,0,breadth 0.000 < 0.55,
1772724384524,50000.000000,,0.000000,0,not rebalance minute,
1772724444534,50000.000000,,0.000000,0,not rebalance minute,
1772724504550,50000.000000,,0.000000,0,not rebalance minute,
1772724564567,50000.000000,,0.000000,0,not rebalance minute,
1772724624587,50000.000000,,0.000000,0,breadth 0.000 < 0.55,
1772724684628,50000.000000,,0.000000,0,not rebalance minute,
1772724746587,50000.000000,,0.000000,0,not rebalance minute,
1772724805025,50000.000000,,0.000000,0,not rebalance minute,
1772724864692,50000.000000,,0.000000,0,not rebalance minute,
1772724924619,50000.000000,,0.000000,0,breadth 0.000 < 0.55,
1772724984633,50000.000000,,0.000000,0,not rebalance minute,
1772725044654,50000.000000,,0.000000,0,not rebalance minute,
1772725104676,50000.000000,,0.000000,0,not rebalance minute,
1772725164664,50000.000000,,0.000000,0,not rebalance minute,
1772725224657,50000.000000,,0.037037,0,breadth 0.037 < 0.55,
1772725284716,50000.000000,,0.000000,0,not rebalance minute,
1772725344693,50000.000000,,0.000000,0,not rebalance minute,
1772725404736,50000.000000,,0.000000,0,not rebalance minute,
1772725464705,50000.000000,,0.000000,0,not rebalance minute,
1772725524704,50000.000000,,0.074074,0,breadth 0.074 < 0.55,
1772725584710,50000.000000,,0.000000,0,not rebalance minute,
1772725644731,50000.000000,,0.000000,0,not rebalance minute,
1772725704783,50000.000000,,0.000000,0,not rebalance minute,
1772725764759,50000.000000,,0.000000,0,not rebalance minute,
1772725824761,50000.000000,,0.037037,0,breadth 0.037 < 0.55,
1772725884803,50000.000000,,0.000000,0,not rebalance minute,
1772725944761,50000.000000,,0.000000,0,not rebalance minute,
1772726004785,50000.000000,,0.000000,0,not rebalance minute,
1772726064795,50000.000000,,0.000000,0,not rebalance minute,
1772726124801,50000.000000,,0.037037,0,breadth 0.037 < 0.55,
1772726184828,50000.000000,,0.000000,0,not rebalance minute,
1772726244829,50000.000000,,0.000000,0,not rebalance minute,
1772726304902,50000.000000,,0.000000,0,not rebalance minute,
1772726364860,50000.000000,,0.000000,0,not rebalance minute,
1772726424909,50000.000000,,0.000000,0,breadth 0.000 < 0.55,
1772726484937,50000.000000,,0.000000,0,not rebalance minute,
1772726544896,50000.000000,,0.000000,0,not rebalance minute,
1772726604953,50000.000000,,0.000000,0,not rebalance minute,
1772726664926,50000.000000,,0.000000,0,not rebalance minute,
1772726724939,50000.000000,,0.000000,0,breadth 0.000 < 0.55,
1772726784956,50000.000000,,0.000000,0,not rebalance minute,
1772726844976,50000.000000,,0.000000,0,not rebalance minute,
1772726904987,50000.000000,,0.000000,0,not rebalance minute,
1772726964987,50000.000000,,0.000000,0,not rebalance minute,
1772727025009,50000.000000,,0.000000,0,breadth 0.000 < 0.55,
1772727085121,50000.000000,,0.000000,0,not rebalance minute,
1772727145089,50000.000000,,0.000000,0,not rebalance minute,
1772727205045,50000.000000,,0.000000,0,not rebalance minute,
1772727265053,50000.000000,,0.000000,0,not rebalance minute,
1772727325055,50000.000000,,0.037037,0,breadth 0.037 < 0.55,
1772727385048,50000.000000,,0.000000,0,not rebalance minute,
1772727445056,50000.000000,,0.000000,0,not rebalance minute,
1772727505069,50000.000000,,0.000000,0,not rebalance minute,
1772727565071,50000.000000,,0.000000,0,not rebalance minute,
1772727625072,50000.000000,,0.037037,0,breadth 0.037 < 0.55,
1772727685142,50000.000000,,0.000000,0,not rebalance minute,
1772727745103,50000.000000,,0.000000,0,not rebalance minute,
1772727805103,50000.000000,,0.000000,0,not rebalance minute,
1772727865130,50000.000000,,0.000000,0,not rebalance minute,
1772727925216,50000.000000,,0.037037,0,breadth 0.037 < 0.55,
1772727985144,50000.000000,,0.000000,0,not rebalance minute,
1772728045172,50000.000000,,0.000000,0,not rebalance minute,
1772728105162,50000.000000,,0.000000,0,not rebalance minute,
1772728165191,50000.000000,,0.000000,0,not rebalance minute,
1772728225195,50000.000000,,0.074074,0,breadth 0.074 < 0.55,
1772728285893,50000.000000,,0.000000,0,not rebalance minute,
1772728345228,50000.000000,,0.000000,0,not rebalance minute,
1772728405282,50000.000000,,0.000000,0,not rebalance minute,
1772728465246,50000.000000,,0.000000,0,not rebalance minute,
1772728525251,50000.000000,,0.037037,0,breadth 0.037 < 0.55,
1772728585351,50000.000000,,0.000000,0,not rebalance minute,
1772728645283,50000.000000,,0.000000,0,not rebalance minute,
1772728705288,50000.000000,,0.000000,0,not rebalance minute,
1772728765308,50000.000000,,0.000000,0,not rebalance minute,
1772728825352,50000.000000,,0.037037,0,breadth 0.037 < 0.55,
1772728885432,50000.000000,,0.000000,0,not rebalance minute,
1772728945319,50000.000000,,0.000000,0,not rebalance minute,
1772729005330,50000.000000,,0.000000,0,not rebalance minute,
1772729065421,50000.000000,,0.000000,0,not rebalance minute,
1772729125359,50000.000000,,0.037037,0,breadth 0.037 < 0.55,
1772729185375,50000.000000,,0.000000,0,not rebalance minute,
1772729245375,50000.000000,,0.000000,0,not rebalance minute,
1772729305463,50000.000000,,0.000000,0,not rebalance minute,
1772729365401,50000.000000,,0.000000,0,not rebalance minute,
1772729425402,50000.000000,,0.037037,0,breadth 0.037 < 0.55,
1772729485622,50000.000000,,0.000000,0,not rebalance minute,
1772729545420,50000.000000,,0.000000,0,not rebalance minute,
1772729605503,50000.000000,,0.000000,0,not rebalance minute,
1772729665446,50000.000000,,0.000000,0,not rebalance minute,
1772729725523,50000.000000,,0.037037,0,breadth 0.037 < 0.55,
1772729785535,50000.000000,,0.000000,0,not rebalance minute,
1772729845473,50000.000000,,0.000000,0,not rebalance minute,
1772729905504,50000.000000,,0.000000,0,not rebalance minute,
1772729965497,50000.000000,,0.000000,0,not rebalance minute,
1772730025512,50000.000000,,0.037037,0,breadth 0.037 < 0.55,
1772730085654,50000.000000,,0.000000,0,not rebalance minute,
1772730145540,50000.000000,,0.000000,0,not rebalance minute,
1772730205543,50000.000000,,0.000000,0,not rebalance minute,
1772730265555,50000.000000,,0.000000,0,not rebalance minute,
1772730325573,50000.000000,,0.148148,0,breadth 0.148 < 0.55,
1772730385578,50000.000000,,0.000000,0,not rebalance minute,
1772730445587,50000.000000,,0.000000,0,not rebalance minute,
1772730505603,50000.000000,,0.000000,0,not rebalance minute,
1772730565599,50000.000000,,0.000000,0,not rebalance minute,
1772730625628,50000.000000,SUI/USD|UNI/USD|BNB/USD|NEAR/USD|VIRTUAL/USD,0.592593,16,ok,
1772730685840,50000.000000,SUI/USD|UNI/USD|BNB/USD|NEAR/USD|VIRTUAL/USD,0.000000,0,not rebalance minute,
1772730745618,50000.000000,SUI/USD|UNI/USD|BNB/USD|NEAR/USD|VIRTUAL/USD,0.000000,0,not rebalance minute,
1772730805697,50000.000000,SUI/USD|UNI/USD|BNB/USD|NEAR/USD|VIRTUAL/USD,0.000000,0,not rebalance minute,
1772730865647,50000.000000,SUI/USD|UNI/USD|BNB/USD|NEAR/USD|VIRTUAL/USD,0.000000,0,not rebalance minute,
1772730925645,50000.000000,,0.185185,0,breadth 0.185 < 0.55,
1772730985692,50000.000000,,0.000000,0,not rebalance minute,
1772731045742,50000.000000,,0.000000,0,not rebalance minute,
1772731105671,50000.000000,,0.000000,0,not rebalance minute,
1772731165678,50000.000000,,0.000000,0,not rebalance minute,
1772731225692,50000.000000,,0.000000,0,breadth 0.000 < 0.55,
1772731285738,50000.000000,,0.000000,0,not rebalance minute,
1772731345768,50000.000000,,0.000000,0,not rebalance minute,
1772731405714,50000.000000,,0.000000,0,not rebalance minute,
1772731465727,50000.000000,,0.000000,0,not rebalance minute,
1772731525728,50000.000000,,0.000000,0,breadth 0.000 < 0.55,
1772731585753,50000.000000,,0.000000,0,not rebalance minute,
1772731645750,50000.000000,,0.000000,0,not rebalance minute,
1772731705766,50000.000000,,0.000000,0,not rebalance minute,
1772731765787,50000.000000,,0.000000,0,not rebalance minute,
1772731825785,50000.000000,,0.000000,0,breadth 0.000 < 0.55,
1772731885849,50000.000000,,0.000000,0,not rebalance minute,
1772731945814,50000.000000,,0.000000,0,not rebalance minute,
1772732005804,50000.000000,,0.000000,0,not rebalance minute,
1772732065811,50000.000000,,0.000000,0,not rebalance minute,
1772732125816,50000.000000,,0.000000,0,breadth 0.000 < 0.55,
1772732185832,50000.000000,,0.000000,0,not rebalance minute,
1772732245851,50000.000000,,0.000000,0,not rebalance minute,
1772732305926,50000.000000,,0.000000,0,not rebalance minute,
1772732365872,50000.000000,,0.000000,0,not rebalance minute,
1772732425873,50000.000000,,0.000000,0,breadth 0.000 < 0.55,
1772732486014,50000.000000,,0.000000,0,not rebalance minute,
1772732545897,50000.000000,,0.000000,0,not rebalance minute,
1772732605941,50000.000000,,0.000000,0,not rebalance minute,
1772732665921,50000.000000,,0.000000,0,not rebalance minute,
1772732725934,50000.000000,,0.000000,0,breadth 0.000 < 0.55,
1772732785920,50000.000000,,0.000000,0,not rebalance minute,
1772732845933,50000.000000,,0.000000,0,not rebalance minute,
1772732905934,50000.000000,,0.000000,0,not rebalance minute,
1772732965954,50000.000000,,0.000000,0,not rebalance minute,
1772733025953,50000.000000,,0.000000,0,breadth 0.000 < 0.55,
1772733086060,50000.000000,,0.000000,0,not rebalance minute,
1772733145968,50000.000000,,0.000000,0,not rebalance minute,
1772733205979,50000.000000,,0.000000,0,not rebalance minute,
1772733265988,50000.000000,,0.000000,0,not rebalance minute,
1772733325994,50000.000000,,0.000000,0,breadth 0.000 < 0.55,
1772733385996,50000.000000,,0.000000,0,not rebalance minute,
1772733446004,50000.000000,,0.000000,0,not rebalance minute,
1772733506013,50000.000000,,0.000000,0,not rebalance minute,
1772733566024,50000.000000,,0.000000,0,not rebalance minute,
1772733626037,50000.000000,,0.000000,0,breadth 0.000 < 0.55,
1772733686171,50000.000000,,0.000000,0,not rebalance minute,
1772733746048,50000.000000,,0.000000,0,not rebalance minute,
1772733806075,50000.000000,,0.000000,0,not rebalance minute,
1772733866083,50000.000000,,0.000000,0,not rebalance minute,
1772733926095,50000.000000,,0.000000,0,breadth 0.000 < 0.55,
1772733986144,50000.000000,,0.000000,0,not rebalance minute,
1772734046119,50000.000000,,0.000000,0,not rebalance minute,
1772734106132,50000.000000,,0.000000,0,not rebalance minute,
1772734166142,50000.000000,,0.000000,0,not rebalance minute,
1772734226156,50000.000000,,0.000000,0,breadth 0.000 < 0.55,
1772734286270,50000.000000,,0.000000,0,not rebalance minute,
1772734346174,50000.000000,,0.000000,0,not rebalance minute,
1772734406195,50000.000000,,0.000000,0,not rebalance minute,
1772734466217,50000.000000,,0.000000,0,not rebalance minute,
1772734526208,50000.000000,,0.038462,0,breadth 0.038 < 0.55,
1772734586224,50000.000000,,0.000000,0,not rebalance minute,
1772734646236,50000.000000,,0.000000,0,not rebalance minute,
1772734706237,50000.000000,,0.000000,0,not rebalance minute,
1772734766250,50000.000000,,0.000000,0,not rebalance minute,
1772734826254,50000.000000,,0.038462,0,breadth 0.038 < 0.55,
1772734886296,50000.000000,,0.000000,0,not rebalance minute,
1772734946301,50000.000000,,0.000000,0,not rebalance minute,
1772735006272,50000.000000,,0.000000,0,not rebalance minute,
1772735066286,50000.000000,,0.000000,0,not rebalance minute,
1772735126306,50000.000000,,0.038462,0,breadth 0.038 < 0.55,
1772735186313,50000.000000,,0.000000,0,not rebalance minute,
1772735246307,50000.000000,,0.000000,0,not rebalance minute,
1772735306330,50000.000000,,0.000000,0,not rebalance minute,
1772735366336,50000.000000,,0.000000,0,not rebalance minute,
1772735426350,50000.000000,,0.076923,0,breadth 0.077 < 0.55,
1772735486453,50000.000000,,0.000000,0,not rebalance minute,
1772735546364,50000.000000,,0.000000,0,not rebalance minute,
1772735606366,50000.000000,,0.000000,0,not rebalance minute,
1772735666403,50000.000000,,0.000000,0,not rebalance minute,
1772735726447,50000.000000,AAVE/USD|PEPE/USD|PENGU/USD|ZEC/USD|PUMP/USD,0.576923,15,ok,
1772735786400,50000.000000,AAVE/USD|PEPE/USD|PENGU/USD|ZEC/USD|PUMP/USD,0.000000,0,not rebalance minute,
1772735846420,50000.000000,AAVE/USD|PEPE/USD|PENGU/USD|ZEC/USD|PUMP/USD,0.000000,0,not rebalance minute,
1772735906431,50000.000000,AAVE/USD|PEPE/USD|PENGU/USD|ZEC/USD|PUMP/USD,0.000000,0,not rebalance minute,
1772735966464,50000.000000,AAVE/USD|PEPE/USD|PENGU/USD|ZEC/USD|PUMP/USD,0.000000,0,not rebalance minute,
1772736026441,50000.000000,,0.200000,0,breadth 0.200 < 0.55,
1772736086505,50000.000000,,0.000000,0,not rebalance minute,
1772736146472,50000.000000,,0.000000,0,not rebalance minute,
1772736206507,50000.000000,,0.000000,0,not rebalance minute,
1772736266482,50000.000000,,0.000000,0,not rebalance minute,
1772736326504,50000.000000,,0.280000,0,breadth 0.280 < 0.55,
1772736386517,50000.000000,,0.000000,0,not rebalance minute,
1772736446509,50000.000000,,0.000000,0,not rebalance minute,
1772736506524,50000.000000,,0.000000,0,not rebalance minute,
1772736566535,50000.000000,,0.000000,0,not rebalance minute,
1772736626558,50000.000000,AAVE/USD|PUMP/USD|PEPE/USD|UNI/USD|ENA/USD,0.640000,16,ok,
1772736686662,50000.000000,AAVE/USD|PUMP/USD|PEPE/USD|UNI/USD|ENA/USD,0.000000,0,not rebalance minute,
1772736746576,50000.000000,AAVE/USD|PUMP/USD|PEPE/USD|UNI/USD|ENA/USD,0.000000,0,not rebalance minute,
1772736806583,50000.000000,AAVE/USD|PUMP/USD|PEPE/USD|UNI/USD|ENA/USD,0.000000,0,not rebalance minute,
1772736866599,50000.000000,AAVE/USD|PUMP/USD|PEPE/USD|UNI/USD|ENA/USD,0.000000,0,not rebalance minute,
1772736926627,50000.000000,AAVE/USD|ENA/USD|UNI/USD|ETH/USD|PENGU/USD,0.760000,19,ok,
1772736986632,50000.000000,AAVE/USD|ENA/USD|UNI/USD|ETH/USD|PENGU/USD,0.000000,0,not rebalance minute,
1772737046630,50000.000000,AAVE/USD|ENA/USD|UNI/USD|ETH/USD|PENGU/USD,0.000000,0,not rebalance minute,
1772737106639,50000.000000,AAVE/USD|ENA/USD|UNI/USD|ETH/USD|PENGU/USD,0.000000,0,not rebalance minute,
1772737166648,50000.000000,AAVE/USD|ENA/USD|UNI/USD|ETH/USD|PENGU/USD,0.000000,0,not rebalance minute,
1772737226677,50000.000000,AAVE/USD|LINK/USD|ENA/USD|PENGU/USD|SUI/USD,0.760000,19,ok,
1772737286791,50000.000000,AAVE/USD|LINK/USD|ENA/USD|PENGU/USD|SUI/USD,0.000000,0,not rebalance minute,
1772737346693,50000.000000,AAVE/USD|LINK/USD|ENA/USD|PENGU/USD|SUI/USD,0.000000,0,not rebalance minute,
1772737406700,50000.000000,AAVE/USD|LINK/USD|ENA/USD|PENGU/USD|SUI/USD,0.000000,0,not rebalance minute,
1772737466707,50000.000000,AAVE/USD|LINK/USD|ENA/USD|PENGU/USD|SUI/USD,0.000000,0,not rebalance minute,
1772737526730,50000.000000,PENGU/USD|ENA/USD|AAVE/USD|SUI/USD|XRP/USD,0.880000,22,ok,
1772737586732,50000.000000,PENGU/USD|ENA/USD|AAVE/USD|SUI/USD|XRP/USD,0.000000,0,not rebalance minute,
1772737646759,50000.000000,PENGU/USD|ENA/USD|AAVE/USD|SUI/USD|XRP/USD,0.000000,0,not rebalance minute,
1772737706761,50000.000000,PENGU/USD|ENA/USD|AAVE/USD|SUI/USD|XRP/USD,0.000000,0,not rebalance minute,
1772737766779,50000.000000,PENGU/USD|ENA/USD|AAVE/USD|SUI/USD|XRP/USD,0.000000,0,not rebalance minute,
1772737826784,50000.000000,PENGU/USD|ENA/USD|WLFI/USD|NEAR/USD|SUI/USD,0.800000,20,ok,
1772737886906,50000.000000,PENGU/USD|ENA/USD|WLFI/USD|NEAR/USD|SUI/USD,0.000000,0,not rebalance minute,
1772737946797,50000.000000,PENGU/USD|ENA/USD|WLFI/USD|NEAR/USD|SUI/USD,0.000000,0,not rebalance minute,
1772738006810,50000.000000,PENGU/USD|ENA/USD|WLFI/USD|NEAR/USD|SUI/USD,0.000000,0,not rebalance minute,
1772738066821,50000.000000,PENGU/USD|ENA/USD|WLFI/USD|NEAR/USD|SUI/USD,0.000000,0,not rebalance minute,
1772738126835,50000.000000,SUI/USD|NEAR/USD|PENGU/USD|ENA/USD|LINK/USD,0.840000,21,ok,
1772738186856,50000.000000,SUI/USD|NEAR/USD|PENGU/USD|ENA/USD|LINK/USD,0.000000,0,not rebalance minute,
1772738246853,50000.000000,SUI/USD|NEAR/USD|PENGU/USD|ENA/USD|LINK/USD,0.000000,0,not rebalance minute,
1772738306911,50000.000000,SUI/USD|NEAR/USD|PENGU/USD|ENA/USD|LINK/USD,0.000000,0,not rebalance minute,
1772738366879,50000.000000,SUI/USD|NEAR/USD|PENGU/USD|ENA/USD|LINK/USD,0.000000,0,not rebalance minute,
1772738426871,50000.000000,PENGU/USD|SUI/USD|TAO/USD|LINK/USD|WLFI/USD,0.880000,22,ok,
1772738486934,50000.000000,PENGU/USD|SUI/USD|TAO/USD|LINK/USD|WLFI/USD,0.000000,0,not rebalance minute,
1772738546897,50000.000000,PENGU/USD|SUI/USD|TAO/USD|LINK/USD|WLFI/USD,0.000000,0,not rebalance minute,
1772738606905,50000.000000,PENGU/USD|SUI/USD|TAO/USD|LINK/USD|WLFI/USD,0.000000,0,not rebalance minute,
1772738666928,50000.000000,PENGU/USD|SUI/USD|TAO/USD|LINK/USD|WLFI/USD,0.000000,0,not rebalance minute,
1772738726919,50000.000000,TAO/USD|ENA/USD|SUI/USD|PENGU/USD|LTC/USD,0.880000,22,ok,
1772738786929,50000.000000,TAO/USD|ENA/USD|SUI/USD|PENGU/USD|LTC/USD,0.000000,0,not rebalance minute,
1772738846957,50000.000000,TAO/USD|ENA/USD|SUI/USD|PENGU/USD|LTC/USD,0.000000,0,not rebalance minute,
1772738906946,50000.000000,TAO/USD|ENA/USD|SUI/USD|PENGU/USD|LTC/USD,0.000000,0,not rebalance minute,
1772738966952,50000.000000,TAO/USD|ENA/USD|SUI/USD|PENGU/USD|LTC/USD,0.000000,0,not rebalance minute,
1772739026965,50000.000000,ENA/USD|TAO/USD|SUI/USD|PENGU/USD|LTC/USD,0.760000,19,ok,
1772739087081,50000.000000,ENA/USD|TAO/USD|SUI/USD|PENGU/USD|LTC/USD,0.000000,0,not rebalance minute,
1772739146978,50000.000000,ENA/USD|TAO/USD|SUI/USD|PENGU/USD|LTC/USD,0.000000,0,not rebalance minute,
1772739206982,50000.000000,ENA/USD|TAO/USD|SUI/USD|PENGU/USD|LTC/USD,0.000000,0,not rebalance minute,
1772739267000,50000.000000,ENA/USD|TAO/USD|SUI/USD|PENGU/USD|LTC/USD,0.000000,0,not rebalance minute,
1772739326996,50000.000000,ENA/USD|PENGU/USD|TAO/USD|WLFI/USD|SUI/USD,0.640000,16,ok,
1772739387022,50000.000000,ENA/USD|PENGU/USD|TAO/USD|WLFI/USD|SUI/USD,0.000000,0,not rebalance minute,
1772739447017,50000.000000,ENA/USD|PENGU/USD|TAO/USD|WLFI/USD|SUI/USD,0.000000,0,not rebalance minute,
1772739507032,50000.000000,ENA/USD|PENGU/USD|TAO/USD|WLFI/USD|SUI/USD,0.000000,0,not rebalance minute,
1772739567057,50000.000000,ENA/USD|PENGU/USD|TAO/USD|WLFI/USD|SUI/USD,0.000000,0,not rebalance minute,
1772739627040,50000.000000,ENA/USD|PENGU/USD|XRP/USD|TAO/USD|SUI/USD,0.600000,15,ok,
1772739687111,50000.000000,ENA/USD|PENGU/USD|XRP/USD|TAO/USD|SUI/USD,0.000000,0,not rebalance minute,
1772739747069,50000.000000,ENA/USD|PENGU/USD|XRP/USD|TAO/USD|SUI/USD,0.000000,0,not rebalance minute,
1772739807086,50000.000000,ENA/USD|PENGU/USD|XRP/USD|TAO/USD|SUI/USD,0.000000,0,not rebalance minute,
1772739867091,50000.000000,ENA/USD|PENGU/USD|XRP/USD|TAO/USD|SUI/USD,0.000000,0,not rebalance minute,
1772739927089,50000.000000,ENA/USD|PENGU/USD|TAO/USD|WLFI/USD|NEAR/USD,0.560000,14,ok,
1772739987097,50000.000000,ENA/USD|PENGU/USD|TAO/USD|WLFI/USD|NEAR/USD,0.000000,0,not rebalance minute,
1772740047112,50000.000000,ENA/USD|PENGU/USD|TAO/USD|WLFI/USD|NEAR/USD,0.000000,0,not rebalance minute,
1772740107162,50000.000000,ENA/USD|PENGU/USD|TAO/USD|WLFI/USD|NEAR/USD,0.000000,0,not rebalance minute,
1772740167134,50000.000000,ENA/USD|PENGU/USD|TAO/USD|WLFI/USD|NEAR/USD,0.000000,0,not rebalance minute,
1772740227144,50000.000000,WLFI/USD|ENA/USD|PENGU/USD|TAO/USD|SUI/USD,0.600000,15,ok,
1772757599314,50000.000000,,0.000000,0,not rebalance minute,
1772757659336,50000.000000,,0.000000,0,no base_ok pairs (filters/history),
1772757719319,50000.000000,,0.000000,0,not rebalance minute,
1772757779324,50000.000000,,0.000000,0,not rebalance minute,
1772757839333,50000.000000,,0.000000,0,not rebalance minute,
1772757899335,50000.000000,,0.000000,0,not rebalance minute,
1772757959335,50000.000000,,0.000000,0,no base_ok pairs (filters/history),
1772758019349,50000.000000,,0.000000,0,not rebalance minute,
1772758079368,50000.000000,,0.000000,0,not rebalance minute,
1772758139376,50000.000000,,0.000000,0,not rebalance minute,
1772758199715,50000.000000,,0.000000,0,not rebalance minute,
1772758259392,50000.000000,,0.000000,0,no base_ok pairs (filters/history),
1772758319405,50000.000000,,0.000000,0,not rebalance minute,
1772758379422,50000.000000,,0.000000,0,not rebalance minute,
1772758439439,50000.000000,,0.000000,0,not rebalance minute,
1772758499475,50000.000000,,0.000000,0,not rebalance minute,
1772758559456,50000.000000,,0.000000,0,no base_ok pairs (filters/history),
1772758619464,50000.000000,,0.000000,0,not rebalance minute,
1772758679482,50000.000000,,0.000000,0,not rebalance minute,
1772758739493,50000.000000,,0.000000,0,not rebalance minute,
1772758799643,50000.000000,,0.000000,0,not rebalance minute,
1772758859506,50000.000000,,0.000000,0,no base_ok pairs (filters/history),
1772758919515,50000.000000,,0.000000,0,not rebalance minute,
1772758979545,50000.000000,,0.000000,0,not rebalance minute,
1772759039524,50000.000000,,0.000000,0,not rebalance minute,
1772759099542,50000.000000,,0.000000,0,not rebalance minute,
1772759159554,50000.000000,,0.000000,0,no base_ok pairs (filters/history),
1772759219550,50000.000000,,0.000000,0,not rebalance minute,
1772759279569,50000.000000,,0.000000,0,not rebalance minute,
1772759339570,50000.000000,,0.000000,0,not rebalance minute,
1772759399888,50000.000000,,0.000000,0,not rebalance minute,
1772759459599,50000.000000,,0.000000,0,no base_ok pairs (filters/history),
1772759519636,50000.000000,,0.000000,0,not rebalance minute,
1772759579621,50000.000000,,0.000000,0,not rebalance minute,
1772759639629,50000.000000,,0.000000,0,not rebalance minute,
1772759699651,50000.000000,,0.000000,0,not rebalance minute,
1772759759669,50000.000000,,0.000000,0,no base_ok pairs (filters/history),
1772759819751,50000.000000,,0.000000,0,not rebalance minute,
1772759879689,50000.000000,,0.000000,0,not rebalance minute,
1772759939684,50000.000000,,0.000000,0,not rebalance minute,
1772759999996,50000.000000,,0.000000,0,not rebalance minute,
1772760059715,50000.000000,,0.000000,0,no base_ok pairs (filters/history),
1772760119709,50000.000000,,0.000000,0,not rebalance minute,
1772760179717,50000.000000,,0.000000,0,not rebalance minute,
1772760239754,50000.000000,,0.000000,0,not rebalance minute,
1772760299734,50000.000000,,0.000000,0,not rebalance minute,
1772760359748,50000.000000,,0.000000,0,no base_ok pairs (filters/history),
1772760419763,50000.000000,,0.000000,0,not rebalance minute,
1772760479772,50000.000000,,0.000000,0,not rebalance minute,
1772760539785,50000.000000,,0.000000,0,not rebalance minute,
1772760599947,50000.000000,,0.000000,0,not rebalance minute,
1772760659811,50000.000000,,0.000000,0,no base_ok pairs (filters/history),
1772760719826,50000.000000,,0.000000,0,not rebalance minute,
1772760779824,50000.000000,,0.000000,0,not rebalance minute,
1772760839859,50000.000000,,0.000000,0,not rebalance minute,
1772760899869,50000.000000,,0.000000,0,not rebalance minute,
1772760959854,50000.000000,,0.000000,0,no base_ok pairs (filters/history),
1772761019867,50000.000000,,0.000000,0,not rebalance minute,
1772761079881,50000.000000,,0.000000,0,not rebalance minute,
1772761139909,50000.000000,,0.000000,0,not rebalance minute,
1772761200232,50000.000000,,0.480000,0,breadth 0.480 < 0.55,
1772761259919,50000.000000,NEAR/USD|AAVE/USD|XPL/USD|TAO/USD|ASTER/USD,0.560000,14,ok,
1772761319935,50000.000000,NEAR/USD|AAVE/USD|XPL/USD|TAO/USD|ASTER/USD,0.000000,0,not rebalance minute,
1772761379946,50000.000000,NEAR/USD|AAVE/USD|XPL/USD|TAO/USD|ASTER/USD,0.000000,0,not rebalance minute,
1772761439960,50000.000000,NEAR/USD|AAVE/USD|XPL/USD|TAO/USD|ASTER/USD,0.000000,0,not rebalance minute,
1772761499967,50000.000000,NEAR/USD|AAVE/USD|XPL/USD|TAO/USD|ASTER/USD,0.000000,0,not rebalance minute,
1772761559978,50000.000000,PAXG/USD|TAO/USD|NEAR/USD|AAVE/USD|UNI/USD,0.680000,17,ok,
1772761619989,50000.000000,PAXG/USD|TAO/USD|NEAR/USD|AAVE/USD|UNI/USD,0.000000,0,not rebalance minute,
1772761680039,50000.000000,PAXG/USD|TAO/USD|NEAR/USD|AAVE/USD|UNI/USD,0.000000,0,not rebalance minute,
1772761740031,50000.000000,PAXG/USD|TAO/USD|NEAR/USD|AAVE/USD|UNI/USD,0.000000,0,not rebalance minute,
1772761800219,50000.000000,PAXG/USD|TAO/USD|NEAR/USD|LINK/USD|LTC/USD,0.640000,16,ok,
1772761860078,50000.000000,PAXG/USD|TAO/USD|NEAR/USD|LINK/USD|LTC/USD,0.000000,0,not rebalance minute,
1772761920056,50000.000000,PAXG/USD|TAO/USD|NEAR/USD|LINK/USD|LTC/USD,0.000000,0,not rebalance minute,
1772761980058,50000.000000,PAXG/USD|TAO/USD|NEAR/USD|LINK/USD|LTC/USD,0.000000,0,not rebalance minute,
1772762040068,50000.000000,PAXG/USD|TAO/USD|NEAR/USD|LINK/USD|LTC/USD,0.000000,0,not rebalance minute,
1772762100116,50000.000000,PAXG/USD|TAO/USD|PENGU/USD|ASTER/USD|BNB/USD,0.600000,15,ok,
1772762160091,50000.000000,PAXG/USD|TAO/USD|PENGU/USD|ASTER/USD|BNB/USD,0.000000,0,not rebalance minute,
1772762220123,50000.000000,PAXG/USD|TAO/USD|PENGU/USD|ASTER/USD|BNB/USD,0.000000,0,not rebalance minute,
1772762280113,50000.000000,PAXG/USD|TAO/USD|PENGU/USD|ASTER/USD|BNB/USD,0.000000,0,not rebalance minute,
1772762340128,50000.000000,PAXG/USD|TAO/USD|PENGU/USD|ASTER/USD|BNB/USD,0.000000,0,not rebalance minute,
1772762400368,50000.000000,PAXG/USD|TAO/USD|ADA/USD|PENGU/USD|ASTER/USD,0.640000,16,ok,
1772762460144,50000.000000,PAXG/USD|TAO/USD|ADA/USD|PENGU/USD|ASTER/USD,0.000000,0,not rebalance minute,
1772762520135,50000.000000,PAXG/USD|TAO/USD|ADA/USD|PENGU/USD|ASTER/USD,0.000000,0,not rebalance minute,
1772762580156,50000.000000,PAXG/USD|TAO/USD|ADA/USD|PENGU/USD|ASTER/USD,0.000000,0,not rebalance minute,
1772762640167,50000.000000,PAXG/USD|TAO/USD|ADA/USD|PENGU/USD|ASTER/USD,0.000000,0,not rebalance minute,
1772762700173,50000.000000,PAXG/USD|TAO/USD|AAVE/USD|UNI/USD|NEAR/USD,0.600000,15,ok,
1772762760184,50000.000000,PAXG/USD|TAO/USD|AAVE/USD|UNI/USD|NEAR/USD,0.000000,0,not rebalance minute,
1772762820201,50000.000000,PAXG/USD|TAO/USD|AAVE/USD|UNI/USD|NEAR/USD,0.000000,0,not rebalance minute,
1772762880209,50000.000000,PAXG/USD|TAO/USD|AAVE/USD|UNI/USD|NEAR/USD,0.000000,0,not rebalance minute,
1772762940232,50000.000000,PAXG/USD|TAO/USD|AAVE/USD|UNI/USD|NEAR/USD,0.000000,0,not rebalance minute,
1772763000542,50000.000000,PAXG/USD|TAO/USD|AAVE/USD|UNI/USD|ADA/USD,0.560000,14,ok,
1772763060360,50000.000000,PAXG/USD|TAO/USD|AAVE/USD|UNI/USD|ADA/USD,0.000000,0,not rebalance minute,
1772763120243,50000.000000,PAXG/USD|TAO/USD|AAVE/USD|UNI/USD|ADA/USD,0.000000,0,not rebalance minute,
1772763180327,50000.000000,PAXG/USD|TAO/USD|AAVE/USD|UNI/USD|ADA/USD,0.000000,0,not rebalance minute,
1772763240262,50000.000000,PAXG/USD|TAO/USD|AAVE/USD|UNI/USD|ADA/USD,0.000000,0,not rebalance minute,
1772763300272,50000.000000,PAXG/USD|TAO/USD|UNI/USD|AAVE/USD|PENGU/USD,0.840000,21,ok,
1772763360271,50000.000000,PAXG/USD|TAO/USD|UNI/USD|AAVE/USD|PENGU/USD,0.000000,0,not rebalance minute,
1772763420277,50000.000000,PAXG/USD|TAO/USD|UNI/USD|AAVE/USD|PENGU/USD,0.000000,0,not rebalance minute,
1772763480292,50000.000000,PAXG/USD|TAO/USD|UNI/USD|AAVE/USD|PENGU/USD,0.000000,0,not rebalance minute,
1772763540341,50000.000000,PAXG/USD|TAO/USD|UNI/USD|AAVE/USD|PENGU/USD,0.000000,0,not rebalance minute,
1772763600814,50000.000000,,0.480000,0,breadth 0.480 < 0.55,
1772763660307,50000.000000,,0.000000,0,not rebalance minute,
1772763720316,50000.000000,,0.000000,0,not rebalance minute,
1772763780328,50000.000000,,0.000000,0,not rebalance minute,
1772763840337,50000.000000,,0.000000,0,not rebalance minute,
1772763900366,50000.000000,,0.320000,0,breadth 0.320 < 0.55,
1772763960385,50000.000000,,0.000000,0,not rebalance minute,
1772764020367,50000.000000,,0.000000,0,not rebalance minute,
1772764080536,50000.000000,,0.000000,0,not rebalance minute,
1772764140395,50000.000000,,0.000000,0,not rebalance minute,
1772764200714,50000.000000,PAXG/USD|TAO/USD|BTC/USD|UNI/USD|ADA/USD,0.840000,21,ok,
1772764260407,50000.000000,PAXG/USD|TAO/USD|BTC/USD|UNI/USD|ADA/USD,0.000000,0,not rebalance minute,
1772764320413,50000.000000,PAXG/USD|TAO/USD|BTC/USD|UNI/USD|ADA/USD,0.000000,0,not rebalance minute,
1772764380429,50000.000000,PAXG/USD|TAO/USD|BTC/USD|UNI/USD|ADA/USD,0.000000,0,not rebalance minute,
1772764440431,50000.000000,PAXG/USD|TAO/USD|BTC/USD|UNI/USD|ADA/USD,0.000000,0,not rebalance minute,
1772764500510,50000.000000,,0.040000,0,breadth 0.040 < 0.55,
1772764560489,50000.000000,,0.000000,0,not rebalance minute,
1772764620477,50000.000000,,0.000000,0,not rebalance minute,
1772764680485,50000.000000,,0.000000,0,not rebalance minute,
1772764740526,50000.000000,,0.000000,0,not rebalance minute,
1772764800811,50000.000000,,0.040000,0,breadth 0.040 < 0.55,
1772764860550,50000.000000,,0.000000,0,not rebalance minute,
1772764920524,50000.000000,,0.000000,0,not rebalance minute,
1772764980533,50000.000000,,0.000000,0,not rebalance minute,
1772765040579,50000.000000,,0.000000,0,not rebalance minute,
1772765100546,50000.000000,,0.040000,0,breadth 0.040 < 0.55,
1772765160557,50000.000000,,0.000000,0,not rebalance minute,
1772765220572,50000.000000,,0.000000,0,not rebalance minute,
1772765280589,50000.000000,,0.000000,0,not rebalance minute,
1772765340605,50000.000000,,0.000000,0,not rebalance minute,
1772765400762,50000.000000,,0.080000,0,breadth 0.080 < 0.55,
1772765460622,50000.000000,,0.000000,0,not rebalance minute,
1772765520628,50000.000000,,0.000000,0,not rebalance minute,
1772765580635,50000.000000,,0.000000,0,not rebalance minute,
1772765640676,50000.000000,,0.000000,0,not rebalance minute,
1772765700664,50000.000000,,0.040000,0,breadth 0.040 < 0.55,
1772765760674,50000.000000,,0.000000,0,not rebalance minute,
1772765820685,50000.000000,,0.000000,0,not rebalance minute,
1772765880728,50000.000000,,0.000000,0,not rebalance minute,
1772765940709,50000.000000,,0.000000,0,not rebalance minute,
1772766001050,50000.000000,,0.040000,0,breadth 0.040 < 0.55,
1772766060724,50000.000000,,0.000000,0,not rebalance minute,
1772766120781,50000.000000,,0.000000,0,not rebalance minute,
1772766180744,50000.000000,,0.000000,0,not rebalance minute,
1772766240746,50000.000000,,0.000000,0,not rebalance minute,
1772766300759,50000.000000,,0.120000,0,breadth 0.120 < 0.55,
1772766360765,50000.000000,,0.000000,0,not rebalance minute,
1772766420767,50000.000000,,0.000000,0,not rebalance minute,
1772766480795,50000.000000,,0.000000,0,not rebalance minute,
1772766540792,50000.000000,,0.000000,0,not rebalance minute,
1772766601114,50000.000000,,0.120000,0,breadth 0.120 < 0.55,
1772766660814,50000.000000,,0.000000,0,not rebalance minute,
1772766720824,50000.000000,,0.000000,0,not rebalance minute,
1772766780830,50000.000000,,0.000000,0,not rebalance minute,
1772766840836,50000.000000,,0.000000,0,not rebalance minute,
1772766900845,50000.000000,,0.040000,0,breadth 0.040 < 0.55,
1772766960873,50000.000000,,0.000000,0,not rebalance minute,
1772767020850,50000.000000,,0.000000,0,not rebalance minute,
1772767080862,50000.000000,,0.000000,0,not rebalance minute,
1772767140876,50000.000000,,0.000000,0,not rebalance minute,
1772767201056,50000.000000,,0.040000,0,breadth 0.040 < 0.55,
1772767260904,50000.000000,,0.000000,0,not rebalance minute,
1772767320900,50000.000000,,0.000000,0,not rebalance minute,
1772767380916,50000.000000,,0.000000,0,not rebalance minute,
1772767440935,50000.000000,,0.000000,0,not rebalance minute,
1772767500951,50000.000000,,0.200000,0,breadth 0.200 < 0.55,
1772767560954,50000.000000,,0.000000,0,not rebalance minute,
1772767620984,50000.000000,,0.000000,0,not rebalance minute,
1772767680979,50000.000000,,0.000000,0,not rebalance minute,
1772767740981,50000.000000,,0.000000,0,not rebalance minute,
1772767801210,50000.000000,,0.040000,0,breadth 0.040 < 0.55,
1772767861004,50000.000000,,0.000000,0,not rebalance minute,
1772767920999,50000.000000,,0.000000,0,not rebalance minute,
1772767981024,50000.000000,,0.000000,0,not rebalance minute,
1772768041021,50000.000000,,0.000000,0,not rebalance minute,
1772768101026,50000.000000,,0.120000,0,breadth 0.120 < 0.55,
1772768161032,50000.000000,,0.000000,0,not rebalance minute,
1772768221067,50000.000000,,0.000000,0,not rebalance minute,
1772768281049,50000.000000,,0.000000,0,not rebalance minute,
1772768341087,50000.000000,,0.000000,0,not rebalance minute,
1772768401532,50000.000000,,0.040000,0,breadth 0.040 < 0.55,
1772768461076,50000.000000,,0.000000,0,not rebalance minute,
1772768521086,50000.000000,,0.000000,0,not rebalance minute,
1772768581090,50000.000000,,0.000000,0,not rebalance minute,
1772768641102,50000.000000,,0.000000,0,not rebalance minute,
1772768701142,50000.000000,,0.040000,0,breadth 0.040 < 0.55,
1772768761131,50000.000000,,0.000000,0,not rebalance minute,
1772768821243,50000.000000,,0.000000,0,not rebalance minute,
1772768881159,50000.000000,,0.000000,0,not rebalance minute,
1772768941151,50000.000000,,0.000000,0,not rebalance minute,
1772769001468,50000.000000,,0.040000,0,breadth 0.040 < 0.55,
1772769061158,50000.000000,,0.000000,0,not rebalance minute,
1772769121201,50000.000000,,0.000000,0,not rebalance minute,
1772769181179,50000.000000,,0.000000,0,not rebalance minute,
1772769241185,50000.000000,,0.000000,0,not rebalance minute,
1772769301190,50000.000000,,0.200000,0,breadth 0.200 < 0.55,
1772769361192,50000.000000,,0.000000,0,not rebalance minute,
1772769421194,50000.000000,,0.000000,0,not rebalance minute,
1772769481229,50000.000000,,0.000000,0,not rebalance minute,
1772769541221,50000.000000,,0.000000,0,not rebalance minute,
1772769601377,50000.000000,,0.160000,0,breadth 0.160 < 0.55,
1772769661236,50000.000000,,0.000000,0,not rebalance minute,
1772769721261,50000.000000,,0.000000,0,not rebalance minute,
1772769781247,50000.000000,,0.000000,0,not rebalance minute,
1772769841281,50000.000000,,0.000000,0,not rebalance minute,
1772769901278,50000.000000,,0.160000,0,breadth 0.160 < 0.55,
1772769961283,50000.000000,,0.000000,0,not rebalance minute,
1772770021298,50000.000000,,0.000000,0,not rebalance minute,
1772770081303,50000.000000,,0.000000,0,not rebalance minute,
1772770141337,50000.000000,,0.000000,0,not rebalance minute,
1772770201472,50000.000000,,0.000000,0,breadth 0.000 < 0.55,
1772770261325,50000.000000,,0.000000,0,not rebalance minute,
1772770321383,50000.000000,,0.000000,0,not rebalance minute,
1772770381350,50000.000000,,0.000000,0,not rebalance minute,
1772770441387,50000.000000,,0.000000,0,not rebalance minute,
1772770501366,50000.000000,,0.080000,0,breadth 0.080 < 0.55,
1772770561377,50000.000000,,0.000000,0,not rebalance minute,
1772770621393,50000.000000,,0.000000,0,not rebalance minute,
1772770681393,50000.000000,,0.000000,0,not rebalance minute,
1772770741408,50000.000000,,0.000000,0,not rebalance minute,
1772770801585,50000.000000,,0.080000,0,breadth 0.080 < 0.55,
1772770861418,50000.000000,,0.000000,0,not rebalance minute,
1772770921415,50000.000000,,0.000000,0,not rebalance minute,
1772770981421,50000.000000,,0.000000,0,not rebalance minute,
1772771041451,50000.000000,,0.000000,0,not rebalance minute,
1772771101435,50000.000000,,0.040000,0,breadth 0.040 < 0.55,
1772771161450,50000.000000,,0.000000,0,not rebalance minute,
1772771221459,50000.000000,,0.000000,0,not rebalance minute,
1772771281509,50000.000000,,0.000000,0,not rebalance minute,
1772771341484,50000.000000,,0.000000,0,not rebalance minute,
1772771401684,50000.000000,,0.040000,0,breadth 0.040 < 0.55,
1772771461527,50000.000000,,0.000000,0,not rebalance minute,
1772771521511,50000.000000,,0.000000,0,not rebalance minute,
1772771581544,50000.000000,,0.000000,0,not rebalance minute,
1772771641531,50000.000000,,0.000000,0,not rebalance minute,
1772771701547,50000.000000,,0.040000,0,breadth 0.040 < 0.55,
1772771761605,50000.000000,,0.000000,0,not rebalance minute,
1772771821579,50000.000000,,0.000000,0,not rebalance minute,
1772771881586,50000.000000,,0.000000,0,not rebalance minute,
1772771941604,50000.000000,,0.000000,0,not rebalance minute,
1772772001790,50000.000000,,0.040000,0,breadth 0.040 < 0.55,
1772772061626,50000.000000,,0.000000,0,not rebalance minute,
1772772121638,50000.000000,,0.000000,0,not rebalance minute,
1772772181623,50000.000000,,0.000000,0,not rebalance minute,
1772772241631,50000.000000,,0.000000,0,not rebalance minute,
1772772301637,50000.000000,,0.000000,0,breadth 0.000 < 0.55,
1772772361717,50000.000000,,0.000000,0,not rebalance minute,
1772772421664,50000.000000,,0.000000,0,not rebalance minute,
1772772481670,50000.000000,,0.000000,0,not rebalance minute,
1772772541755,50000.000000,,0.000000,0,not rebalance minute,
1772772601856,50000.000000,,0.000000,0,breadth 0.000 < 0.55,
1772772661698,50000.000000,,0.000000,0,not rebalance minute,
1772772721707,50000.000000,,0.000000,0,not rebalance minute,
1772772781784,50000.000000,,0.000000,0,not rebalance minute,
1772772841720,50000.000000,,0.000000,0,not rebalance minute,
1772772901741,50000.000000,,0.000000,0,breadth 0.000 < 0.55,
1772772961751,50000.000000,,0.000000,0,not rebalance minute,
1772773021755,50000.000000,,0.000000,0,not rebalance minute,
1772773081769,50000.000000,,0.000000,0,not rebalance minute,
1772773141793,50000.000000,,0.000000,0,not rebalance minute,
1772773202169,50000.000000,,0.000000,0,breadth 0.000 < 0.55,
1772773261812,50000.000000,,0.000000,0,not rebalance minute,
1772773321808,50000.000000,,0.000000,0,not rebalance minute,
1772773381817,50000.000000,,0.000000,0,not rebalance minute,
1772773441849,50000.000000,,0.000000,0,not rebalance minute,
1772773501827,50000.000000,,0.040000,0,breadth 0.040 < 0.55,
1772773562208,50000.000000,,0.000000,0,not rebalance minute,
1772773621851,50000.000000,,0.000000,0,not rebalance minute,
1772773681869,50000.000000,,0.000000,0,not rebalance minute,
1772773741908,50000.000000,,0.000000,0,not rebalance minute,
1772773802143,50000.000000,,0.040000,0,breadth 0.040 < 0.55,
1772773861905,50000.000000,,0.000000,0,not rebalance minute,
1772773921933,50000.000000,,0.000000,0,not rebalance minute,
1772773981949,50000.000000,,0.000000,0,not rebalance minute,
1772774041930,50000.000000,,0.000000,0,not rebalance minute,
1772774101975,50000.000000,,0.000000,0,breadth 0.000 < 0.55,
1772774161970,50000.000000,,0.000000,0,not rebalance minute,
1772774221972,50000.000000,,0.000000,0,not rebalance minute,
1772774281995,50000.000000,,0.000000,0,not rebalance minute,
1772774342006,50000.000000,,0.000000,0,not rebalance minute,
1772774402307,50000.000000,,0.000000,0,breadth 0.000 < 0.55,
1772774462039,50000.000000,,0.000000,0,not rebalance minute,
1772774522045,50000.000000,,0.000000,0,not rebalance minute,
1772774582063,50000.000000,,0.000000,0,not rebalance minute,
1772774642108,50000.000000,,0.000000,0,not rebalance minute,
1772774702084,50000.000000,,0.000000,0,breadth 0.000 < 0.55,
1772774762149,50000.000000,,0.000000,0,not rebalance minute,
